DATE_TIME,BPOS,DBTM,FLWI,HDTH,HKLD,ROP,RPM,SPPA,WOB
1200675456,2.780000028,1.500000048,0.0,3520.0600585704,69.0857734519098,18.4699994328,0.0,-2.99999853010237,0.0
1200675461,2.780000028,1.500000048,0.0,3520.0600585704,68.8104533159443,18.4699994328,0.0,-5.00000214667547,0.0
1200675465,2.780000028,1.500000048,0.0,3520.0600585704,68.9022241242427,18.4699994328,0.0,-9.00000248506439,0.0
1200675470,2.780000028,1.500000048,0.0,3520.0600585704,69.340702342882,18.4699994328,0.0,-5.00000214667547,0.0
1200675474,2.780000028,1.500000048,0.0,3520.0600585704,69.1367622238139,18.4699994328,0.0,8.00000067677784,0.0
1200675479,2.780000028,1.500000048,0.0,3520.0600585704,69.2489315345836,18.4699994328,0.0,-16.0000013535557,0.0
1200675482,2.780000028,1.500000048,0.0,3520.0600585704,68.8512353523387,18.4699994328,0.0,2.99999853010237,0.0
1200675487,2.780000028,1.500000048,0.0,3520.0600585704,69.1469539907754,18.4699994328,0.0,-1.00000180828655,0.0
1200675491,2.780000028,1.500000048,0.0,3520.0600585704,69.1061642433108,18.4699994328,0.0,-1.99999672181581,0.0
1200675496,2.780000028,1.500000048,0.0,3520.0600585704,69.4222818378112,18.4699994328,0.0,17.9999980753715,0.0
1200675505,2.780000028,1.500000048,0.0,3520.0600585704,68.8614348303705,18.4699994328,0.0,-2.99999853010237,0.0
1200675510,2.780000028,1.500000048,0.0,3520.0600585704,68.6880845271428,18.4699994328,0.0,-13.9999977369826,0.0
1200675515,2.780000028,1.500000048,0.0,3520.0600585704,68.4229561581389,18.4699994328,0.0,13.0000028234533,0.0
1200675519,2.780000028,1.500000048,0.0,3520.0600585704,68.8716338548099,18.4699994328,0.0,-13.0000028234533,0.0
1200675524,2.780000028,1.500000048,0.0,3520.0600585704,69.004194410573,18.4699994328,0.0,-5.00000214667547,0.0
1200675533,2.780000028,1.500000048,0.0,3520.0600585704,69.2999130490097,18.4699994328,0.0,-1.99999672181581,0.0
1200675536,2.780000028,1.500000048,0.0,3520.0600585704,69.4120823597794,18.4699994328,0.0,-9.99999739859365,0.0
1200675541,2.780000028,1.500000048,0.0,3520.0600585704,69.0449837044452,18.4699994328,0.0,-2.99999853010237,0.0
1200675545,2.780000028,1.500000048,0.0,3520.0600585704,69.1265631993744,18.4699994328,0.0,-25.9999987521493,0.0
1200675550,2.780000028,1.500000048,0.0,3520.0600585704,69.004194410573,18.4699994328,0.0,9.99999739859365,0.0
1200675559,2.780000028,1.500000048,0.0,3520.0600585704,68.9022241242427,18.4699994328,0.0,13.9999977369826,0.0
1200675564,2.780000028,1.500000048,0.0,3520.0600585704,68.0966472502693,18.4699994328,0.0,5.99999706020473,0.0
1200675569,2.780000028,1.500000048,0.0,3520.0600585704,69.0143934350124,18.4699994328,0.0,-13.0000028234533,0.0
1200675573,2.780000028,1.500000048,0.0,3520.0600585704,69.320311551481,18.4699994328,0.0,-5.00000214667547,0.0
1200675578,2.780000028,1.500000048,0.0,3520.0600585704,69.1469539907754,18.4699994328,0.0,12.0000010151668,0.0
1200675582,2.780000028,1.500000048,0.0,3520.0600585704,69.1775442602082,18.4699994328,0.0,1.99999672181581,0.0
1200675587,2.780000028,1.500000048,0.0,3520.0600585704,68.9022241242427,18.4699994328,0.0,6.99999886849128,0.0
1200675590,2.780000028,1.500000048,0.0,3520.0600585704,69.340702342882,18.4699994328,0.0,24.9999969438628,0.0
1200675595,2.780000028,1.500000048,0.0,3520.0600585704,69.473262898645,18.4699994328,0.0,32.0000027071113,0.0
1200675599,2.780000028,1.500000048,0.0,3520.0600585704,69.1265631993744,18.4699994328,0.0,-8.00000067677784,0.0
1200675604,2.780000028,1.500000048,0.0,3520.0600585704,69.0959729299417,18.4699994328,0.0,6.99999886849128,0.0
1200675608,2.780000028,1.500000048,0.0,3520.0600585704,69.3610935878753,18.4699994328,0.0,4.00000033838892,0.0
1200675613,2.780000028,1.500000048,0.0,3520.0600585704,69.2693227795769,18.4699994328,0.0,20.9999966054739,0.0
1200675618,2.780000028,1.500000048,0.0,3520.0600585704,69.6262219568793,18.4699994328,0.0,18.999999883658,0.0
1200675623,2.780000028,1.500000048,0.0,3520.0600585704,69.340702342882,18.4699994328,0.0,9.99999739859365,0.0
1200675627,2.780000028,1.500000048,0.0,3520.0600585704,69.8607600564504,18.4699994328,0.0,27.0000005604359,0.0
1200675632,2.780000028,1.500000048,0.0,3520.0600585704,68.4025653667379,18.4699994328,0.0,46.0000004440939,0.0
1200675636,2.780000028,1.500000048,0.0,3520.0600585704,69.5956316874465,18.4699994328,0.0,17.9999980753715,0.0
1200675641,2.780000028,1.500000048,0.0,3520.0600585704,69.2897135709779,18.4699994328,0.0,6.99999886849128,0.0
1200675644,2.780000028,1.500000048,0.0,3520.0600585704,68.9022241242427,18.4699994328,0.0,-10.9999992068802,0.0
1200675649,2.780000028,1.500000048,0.0,3520.0600585704,68.8920246462109,18.4699994328,0.0,-18.999999883658,0.0
1200675653,2.780000028,1.500000048,0.0,3520.0600585704,68.9124236022745,18.4699994328,0.0,17.9999980753715,0.0
1200675658,2.780000028,1.500000048,0.0,3520.0600585704,69.0449837044452,18.4699994328,0.0,40.0000033838892,0.0
1200675662,2.780000028,1.500000048,0.0,3520.0600585704,69.320311551481,18.4699994328,0.0,20.9999966054739,0.0
1200675667,2.780000028,1.500000048,0.0,3520.0600585704,69.0959729299417,18.4699994328,0.0,24.0000020303335,0.0
1200675672,2.780000028,1.500000048,0.0,3520.0600585704,68.586114694405,18.4699994328,0.0,40.0000033838892,0.0
1200675677,2.780000028,1.500000048,0.0,3520.0600585704,68.6269044418696,18.4699994328,0.0,31.0000008988248,0.0
1200675681,2.780000028,1.500000048,0.0,3520.0600585704,69.3712926123148,18.4699994328,0.0,36.0000030455003,0.0
1200675686,2.780000028,1.500000048,0.0,3520.0600585704,69.2387325101441,18.4699994328,0.0,40.9999982974184,0.0
1200675690,2.780000028,1.500000048,0.0,3520.0600585704,69.1265631993744,18.4699994328,0.0,36.0000030455003,0.0
1206265199,5.1399999816,1.000000032,0.0,3511.4199219264,66.6180622227482,106.279998768,0.0,269.000003796072,0.0
1206265202,5.1399999816,1.000000032,0.0,3511.4199219264,66.6384530141492,106.279998768,0.0,249.000002104128,0.0
1206265207,5.1399999816,1.000000032,0.0,3511.4199219264,66.5466822058508,106.279998768,0.0,260.99998932978,0.0
1206265216,5.1399999816,1.000000032,0.0,3511.4199219264,66.6588515166204,106.279998768,0.0,256.999995886148,0.0
1206265220,5.1399999816,1.000000032,0.0,3511.4199219264,66.5058924583861,106.279998768,0.0,220.000004821876,0.0
1206265225,5.1399999816,1.000000032,0.0,3511.4199219264,66.6180622227482,106.279998768,0.0,218.00000810006,0.0
1206265230,5.1399999816,1.000000032,0.0,3511.4199219264,66.7098325774542,106.279998768,0.0,217.000006291774,0.0
1206265235,5.1399999816,1.000000032,0.0,3511.4199219264,66.5670729972518,106.279998768,0.0,244.000006852209,0.0
1206265239,5.1399999816,1.000000032,0.0,3511.4199219264,66.7506223249188,106.279998768,0.0,248.000000295841,0.0
1206265244,5.1399999816,1.000000032,0.0,3511.4199219264,66.7098325774542,106.279998768,0.0,213.000012848142,0.0
1206265248,5.1399999816,1.000000032,0.0,3511.4199219264,66.6588515166204,106.279998768,0.0,241.000008322107,0.0
1206265253,5.1399999816,1.000000032,0.0,3511.4199219264,66.5466822058508,106.279998768,0.0,240.00000651382,0.0
1206265256,5.1399999816,1.000000032,0.0,3511.4199219264,66.6384530141492,106.279998768,0.0,259.999987521493,0.0
1206265261,5.1399999816,1.000000032,0.0,3511.4199219264,66.6384530141492,106.279998768,0.0,243.000005043923,0.0
1206265265,5.1399999816,1.000000032,0.0,3511.4199219264,66.7302315335179,106.279998768,0.0,264.000008544154,0.0
1206265270,5.1399999816,1.000000032,0.0,3511.4199219264,66.5874719533154,106.279998768,0.0,252.00000063423,0.0
1206265275,5.1399999816,1.000000032,0.0,3511.4199219264,66.5670729972518,106.279998768,0.0,263.000013630625,0.0
1206265279,5.1399999816,1.000000032,0.0,3511.4199219264,66.5874719533154,106.279998768,0.0,258.999992607964,0.0
1206265284,5.1399999816,1.000000032,0.0,3511.4199219264,66.6180622227482,106.279998768,0.0,252.00000063423,0.0
1206265289,5.1399999816,1.000000032,0.0,3511.4199219264,66.7302315335179,106.279998768,0.0,261.999991138066,0.0
1206265293,5.1399999816,1.000000032,0.0,3511.4199219264,66.5874719533154,106.279998768,0.0,264.000008544154,0.0
1206265298,5.1399999816,1.000000032,0.0,3511.4199219264,66.5874719533154,106.279998768,0.0,289.000012382774,0.0
1206265302,5.1399999816,1.000000032,0.0,3511.4199219264,66.5670729972518,106.279998768,0.0,255.999994077862,0.0
1206265307,5.1399999816,1.000000032,0.0,3511.4199219264,66.6588515166204,106.279998768,0.0,263.000013630625,0.0
1206265310,5.1399999816,1.000000032,0.0,3511.4199219264,66.7098325774542,106.279998768,0.0,266.00000526597,0.0
1206265315,5.1399999816,1.000000032,0.0,3511.4199219264,66.6588515166204,106.279998768,0.0,281.999992830011,0.0
1206265319,5.1399999816,1.000000032,0.0,3511.4199219264,66.4141139390175,106.279998768,0.0,288.000010574488,0.0
1206265324,5.1399999816,1.000000032,0.0,3511.4199219264,66.5670729972518,106.279998768,0.0,264.000008544154,0.0
1206265329,5.1399999816,1.000000032,0.0,3511.4199219264,66.6792427616138,106.279998768,0.0,264.000008544154,0.0
1206265333,5.1399999816,1.000000032,0.0,3511.4199219264,66.6180622227482,106.279998768,0.0,296.000004356508,0.0
1206265338,5.1399999816,1.000000032,0.0,3511.4199219264,66.6588515166204,106.279998768,0.0,272.000002326175,0.0
1206265343,5.1399999816,1.000000032,0.0,3511.4199219264,66.6792427616138,106.279998768,0.0,290.000007296303,0.0
1206265347,5.1399999816,1.000000032,0.0,3511.4199219264,66.5670729972518,106.279998768,0.0,285.999986273643,0.0
1206265352,5.1399999816,1.000000032,0.0,3511.4199219264,66.5874719533154,106.279998768,0.0,281.999992830011,0.0
1206265356,5.1399999816,1.000000032,0.0,3511.4199219264,66.5874719533154,106.279998768,0.0,292.000010912876,0.0
1206265361,5.1399999816,1.000000032,0.0,3511.4199219264,66.4753021889534,106.279998768,0.0,297.000006164795,0.0
1206265364,5.1399999816,1.000000032,0.0,3511.4199219264,66.5670729972518,106.279998768,0.0,290.000007296303,0.0
1206265369,5.1399999816,1.000000032,0.0,3511.4199219264,66.5058924583861,106.279998768,0.0,276.999997578093,0.0
1206265373,5.1399999816,1.000000032,0.0,3511.4199219264,66.6180622227482,106.279998768,0.0,273.99999904799,0.0
1206265378,5.1399999816,1.000000032,0.0,3511.4199219264,66.5466822058508,106.279998768,0.0,266.00000526597,0.0
1206265383,5.1399999816,1.000000032,0.0,3511.4199219264,66.5058924583861,106.279998768,0.0,284.999991360113,0.0
1206265387,5.1399999816,1.000000032,0.0,3511.4199219264,66.5262837033795,106.279998768,0.0,264.000008544154,0.0
1206265397,5.1399999816,1.000000032,0.0,3511.4199219264,66.4549036864821,106.279998768,0.0,231.999992047528,0.0
1206265401,5.1399999816,1.000000032,0.0,3511.4199219264,66.5262837033795,106.279998768,0.0,247.000005382312,0.0
1206265406,5.1399999816,1.000000032,0.0,3511.4199219264,66.4141139390175,106.279998768,0.0,248.000000295841,0.0
1206265410,5.1399999816,1.000000032,0.0,3511.4199219264,66.6588515166204,106.279998768,0.0,233.999988769344,0.0
1206265415,5.1399999816,1.000000032,0.0,3511.4199219264,66.4753021889534,106.279998768,0.0,256.999995886148,0.0
1206265423,5.1399999816,1.000000032,0.0,3511.4199219264,66.5058924583861,106.279998768,0.0,275.000000856277,0.0
1206265427,5.1399999816,1.000000032,0.0,3511.4199219264,66.4753021889534,106.279998768,0.0,256.999995886148,0.0
1206265432,5.1399999816,1.000000032,0.0,3511.4199219264,66.4345128950811,106.279998768,0.0,268.000008882543,0.0
1223738433,11.840000196,0.2700000696,0.0,2536.0600584768,69.2183335540805,27.7000008864,0.0,-39.0000015756026,0.0
1223738438,11.840000196,0.2700000696,0.0,2536.0600584768,69.1979427626795,27.7000008864,0.0,-25.9999987521493,0.0
1223738442,11.840000196,0.2700000696,0.0,2536.0600584768,69.1775442602082,27.7000008864,0.0,-20.9999966054739,0.0
1223738447,11.840000196,0.2700000696,0.0,2536.0600584768,69.1673524932467,27.7000008864,0.0,-39.0000015756026,0.0
1223738456,11.840000196,0.2700000696,0.0,2536.0600584768,69.1877432846477,27.7000008864,0.0,-40.9999982974184,0.0
1223738460,11.840000196,0.2700000696,0.0,2536.0600584768,69.2897135709779,27.7000008864,0.0,-16.0000013535557,0.0
1223738465,11.840000196,0.2700000696,0.0,2536.0600584768,69.2285330321123,27.7000008864,0.0,-24.9999969438628,0.0
1223738469,11.840000196,0.2700000696,0.0,2536.0600584768,69.1979427626795,27.7000008864,0.0,-20.9999966054739,0.0
1223738474,11.840000196,0.2700000696,0.0,2536.0600584768,69.2081422407113,27.7000008864,0.0,-1.00000180828655,0.0
1223738483,11.840000196,0.2700000696,0.0,2536.0600584768,69.2387325101441,27.7000008864,0.0,-31.0000008988248,0.0
1223738487,11.840000196,0.2700000696,0.0,2536.0600584768,69.1673524932467,27.7000008864,0.0,-40.0000033838892,0.0
1223738492,11.840000196,0.2700000696,0.0,2536.0600584768,69.1877432846477,27.7000008864,0.0,-9.99999739859365,0.0
1223738496,11.840000196,0.2700000696,0.0,2536.0600584768,69.1979427626795,27.7000008864,0.0,-48.9999989741963,0.0
1223738501,11.840000196,0.2700000696,0.0,2536.0600584768,69.2693227795769,27.7000008864,0.0,-21.9999984137604,0.0
1223738510,11.840000196,0.2700000696,0.0,2536.0600584768,69.2285330321123,27.7000008864,0.0,-36.0000030455003,0.0
1223738514,11.840000196,0.2700000696,0.0,2536.0600584768,69.2591233015451,27.7000008864,0.0,-24.9999969438628,0.0
1223738519,11.840000196,0.2700000696,0.0,2536.0600584768,69.1979427626795,27.7000008864,0.0,-20.0000016919446,0.0
1223738523,11.840000196,0.2700000696,0.0,2536.0600584768,69.1979427626795,27.7000008864,0.0,-33.9999994289272,0.0
1223738528,11.840000196,0.2700000696,0.0,2536.0600584768,69.1775442602082,27.7000008864,0.0,-47.9999971659097,0.0
1223738532,11.840000196,0.2700000696,0.0,2536.0600584768,69.2183335540805,27.7000008864,0.0,-33.9999994289272,0.0
1223738537,11.840000196,0.2700000696,0.0,2536.0600584768,69.2081422407113,27.7000008864,0.0,-18.999999883658,0.0
1223738541,11.840000196,0.2700000696,0.0,2536.0600584768,69.2285330321123,27.7000008864,0.0,-18.999999883658,0.0
1223738546,11.840000196,0.2700000696,0.0,2536.0600584768,69.1979427626795,27.7000008864,0.0,-16.0000013535557,0.0
1223738550,11.840000196,0.2700000696,0.0,2536.0600584768,69.1979427626795,27.7000008864,0.0,-10.9999992068802,0.0
1223738555,11.840000196,0.2700000696,0.0,2536.0600584768,69.2795218040164,27.7000008864,0.0,-13.9999977369826,0.0
1223738559,11.840000196,0.2700000696,0.0,2536.0600584768,69.2081422407113,27.7000008864,0.0,-47.0000022523805,0.0
1223738564,11.840000196,0.2700000696,0.0,2536.0600584768,69.2387325101441,27.7000008864,0.0,-48.9999989741963,0.0
1223738568,11.840000196,0.2700000696,0.0,2536.0600584768,69.2081422407113,27.7000008864,0.0,-69.0000006661409,0.0
1223738573,11.840000196,0.2700000696,0.0,2536.0600584768,69.1775442602082,27.7000008864,0.0,-47.9999971659097,0.0
1223738577,11.840000196,0.2700000696,0.0,2536.0600584768,69.1877432846477,27.7000008864,0.0,-44.9999986358074,0.0
1223738582,11.840000196,0.2700000696,0.0,2536.0600584768,69.2387325101441,27.7000008864,0.0,-42.000000105705,0.0
1223738586,11.840000196,0.2700000696,0.0,2536.0600584768,69.2081422407113,27.7000008864,0.0,-50.0000007824828,0.0
1223738591,11.840000196,0.2700000696,0.0,2536.0600584768,69.2285330321123,27.7000008864,0.0,-51.9999975042986,0.0
1223738595,11.840000196,0.2700000696,0.0,2536.0600584768,69.2693227795769,27.7000008864,0.0,-58.0000014592607,0.0
1223738600,11.840000196,0.2700000696,0.0,2536.0600584768,69.2897135709779,27.7000008864,0.0,-65.0000003277519,0.0
1223738604,11.840000196,0.2700000696,0.0,2536.0600584768,69.2081422407113,27.7000008864,0.0,-101.999998286781,0.0
1223738609,11.840000196,0.2700000696,0.0,2536.0600584768,69.2183335540805,27.7000008864,0.0,-47.0000022523805,0.0
1223738613,11.840000196,0.2700000696,0.0,2536.0600584768,69.2591233015451,27.7000008864,0.0,-72.0000060910005,0.0
1223738618,11.840000196,0.2700000696,0.0,2536.0600584768,69.1877432846477,27.7000008864,0.0,-72.0000060910005,0.0
1223738622,11.840000196,0.2700000696,0.0,2536.0600584768,69.1775442602082,27.7000008864,0.0,-85.0000020196965,0.0
1223738627,11.840000196,0.2700000696,0.0,2536.0600584768,69.2591233015451,27.7000008864,0.0,-58.9999963727899,0.0
1223738631,11.840000196,0.2700000696,0.0,2536.0600584768,69.2387325101441,27.7000008864,0.0,-55.0000029291583,0.0
1223738636,11.840000196,0.2700000696,0.0,2536.0600584768,69.2591233015451,27.7000008864,0.0,-54.0000011208717,0.0
1223738640,11.840000196,0.2700000696,0.0,2536.0600584768,69.1979427626795,27.7000008864,0.0,-43.0000019139915,0.0
1223738645,11.840000196,0.2700000696,0.0,2536.0600584768,69.2183335540805,27.7000008864,0.0,-36.9999979590295,0.0
1223738649,11.840000196,0.2700000696,0.0,2536.0600584768,69.2693227795769,27.7000008864,0.0,-55.9999978426876,0.0
1223738654,11.840000196,0.2700000696,0.0,2536.0600584768,69.2285330321123,27.7000008864,0.0,-72.0000060910005,0.0
1223738658,11.840000196,0.2700000696,0.0,2536.0600584768,69.2591233015451,27.7000008864,0.0,-81.9999965948369,0.0
1223738663,11.840000196,0.2700000696,0.0,2536.0600584768,69.2489315345836,27.7000008864,0.0,-60.0000050758338,0.0
1223738667,11.840000196,0.2700000696,0.0,2536.0600584768,69.1979427626795,27.7000008864,0.0,-62.9999967111788,0.0
1189021739,26.3099995008,152.139999504,118.309997232516,3523.139892492,74.6330321431703,115.7799987672,0.0,430.000019139915,0.0
1189021742,26.3099995008,152.139999504,118.160004067428,3523.139892492,74.6330321431703,115.7799987672,0.0,403.999992808737,0.0
1189021747,26.3099995008,152.139999504,117.12999724764,3523.139892492,74.6636224126031,115.7799987672,0.0,392.000005583085,0.0
1189021751,26.3099995008,152.139999504,116.980004082552,3523.139892492,74.6942126820359,115.7799987672,0.0,369.000005361038,0.0
1189021756,26.2600001088,152.1799926168,116.980004082552,3523.139892492,74.8981528011039,115.7799987672,0.0,407.000018917868,0.0
1189021760,26.1399994344,152.3000030448,116.980004082552,3523.139892492,74.9389420949762,115.7799987672,0.0,396.000005921474,0.0
1189021765,26.0599994928,152.389999512,116.679998825316,3523.139892492,74.8675625316711,115.7799987672,0.0,407.999993147126,0.0
1189021768,25.9999999176,152.4499969536,115.199997368616,3523.139892492,74.8063819928055,115.7799987672,0.0,425.000003203725,0.0
1189021775,25.8700008888,152.5800017736,114.319998855564,3523.139892492,74.7961825147737,115.7799987672,0.0,405.99999642531,0.0
1189021779,25.7700005808,152.6799926328,105.900000952428,3523.139892492,74.9797318424408,115.7799987672,0.0,411.999986590757,0.0
1189021784,25.680000456,152.77000434,76.660002353748,3523.139892492,74.9083522791358,115.7799987672,0.0,401.000021857664,0.0
1189021788,25.6100006976,152.8300017816,25.260001280232,3523.139892492,74.877762009703,115.7799987672,0.0,426.999999925541,0.0
1189021793,25.5100000848,152.9299926408,0.0,3523.139892492,74.8675625316711,115.7799987672,0.0,395.000004113187,0.0
1189021796,25.3400000184,153.1100005104,0.0,3523.139892492,74.9797318424408,115.7799987672,0.0,419.000006143521,0.0
1189021801,25.2499998936,153.1999969776,0.0,3523.139892492,74.9083522791358,115.7799987672,0.0,409.000015639684,0.0
1189021805,25.1299992192,153.3200074056,0.0,3523.139892492,74.6942126820359,115.7799987672,0.0,389.000007052982,0.0
1189021810,24.969999336,153.4799957064,0.0,3523.139892492,74.8165814708374,115.7799987672,0.0,398.999997556819,0.0
1189021814,24.7600003656,153.6900022968,0.0,3523.139892492,75.0205215899054,115.7799987672,0.0,401.999996086921,0.0
1189021817,24.6200008488,153.8200074216,0.0,3523.139892492,74.9797318424408,115.7799987672,0.0,409.999989868942,0.0
1189021822,24.4799995032,153.9600066336,0.0,3523.139892492,74.7553932209015,115.7799987672,0.0,377.999994056588,0.0
1189021829,24.31999962,154.0599974928,0.0,3523.139892492,69.921940595316,115.7799987672,0.0,391.000010669556,0.0
1189021833,24.3899993784,153.9900053544,0.0,3523.139892492,73.3583867811248,115.7799987672,0.0,403.999992808737,0.0
1189021838,24.46999932,153.910003584,0.0,3523.139892492,73.9396245799665,115.7799987672,0.0,409.000015639684,0.0
1189021842,24.530000724,153.8500061424,0.0,3523.139892492,74.0415948662967,115.7799987672,0.0,398.999997556819,0.0
1189021845,24.7299995112,153.649993944,0.0,3523.139892492,74.1639636550982,115.7799987672,0.0,417.000009421705,0.0
1189021850,24.8500004904,153.529998756,0.0,3523.139892492,74.0008051188321,115.7799987672,0.0,381.999994394977,0.0
1189021855,24.969999336,153.4199982648,0.0,3523.139892492,73.9294255555271,115.7799987672,0.0,374.000000612956,0.0
1189021861,25.1399994024,153.2400056352,0.0,3523.139892492,73.8274552691968,115.7799987672,0.0,378.999995864874,0.0
1189021864,25.2999992856,153.0800017896,0.0,3523.139892492,73.7968649997641,115.7799987672,0.0,366.000006830935,0.0
1189021868,25.430000448,152.9499969696,0.0,3523.139892492,73.8988352860943,115.7799987672,0.0,355.999995642827,0.0
1189021873,25.6000005144,152.7899934288,0.0,3523.139892492,73.725485436459,115.7799987672,0.0,378.999995864874,0.0
1189021878,25.819999668,152.5599974448,0.0,3523.139892492,73.9396245799665,115.7799987672,0.0,378.999995864874,0.0
1189021882,26.2000008384,152.1799926168,0.0,3523.139892492,74.0619856576977,115.7799987672,0.0,378.999995864874,0.0
1189021885,26.3999996256,151.9900055952,0.0,3523.139892492,74.1843544464992,115.7799987672,0.0,361.999985808275,0.0
1189021890,26.6499996336,151.7299956504,0.0,3523.139892492,74.2251441939638,115.7799987672,0.0,386.999989646895,0.0
1189021896,27.1100007456,151.270004292,0.0,3523.139892492,73.8172562447574,115.7799987672,0.0,397.000000835003,0.0
1189021899,27.3600007536,151.020004284,0.0,3523.139892492,73.8886358080625,115.7799987672,0.0,411.999986590757,0.0
1189021904,27.5599995408,150.8200073256,0.0,3523.139892492,73.6948874559559,115.7799987672,0.0,411.999986590757,0.0
1189021908,27.7499999736,150.6300047592,0.0,3523.139892492,73.9600158249599,115.7799987672,0.0,395.000004113187,0.0
1189021911,28.0900001064,150.2899933488,0.0,3523.139892492,74.0313953882649,115.7799987672,0.0,394.000002304901,0.0
1189021915,28.3500002976,150.029998644,0.0,3523.139892492,74.2557344633966,115.7799987672,0.0,378.999995864874,0.0
1189021923,28.3500002976,150.029998644,0.0,3523.139892492,74.2251441939638,115.7799987672,0.0,398.999997556819,0.0
1189021927,28.3500002976,150.029998644,0.0,3523.139892492,74.3781032521981,115.7799987672,0.0,388.000012139453,0.0
1189021932,28.3500002976,150.029998644,0.0,3523.139892492,74.2557344633966,115.7799987672,0.0,392.000005583085,0.0
1189021937,28.3500002976,150.029998644,0.0,3523.139892492,74.2863247328294,115.7799987672,0.0,395.000004113187,0.0
1189021941,28.3500002976,150.029998644,0.0,3523.139892492,74.2659334878361,115.7799987672,0.0,388.000012139453,0.0
1189021946,28.3500002976,150.029998644,0.0,3523.139892492,74.3577042961345,115.7799987672,0.0,419.999980372778,0.0
1189021950,28.3500002976,150.029998644,0.0,3523.139892492,74.3169150022622,115.7799987672,0.0,419.999980372778,0.0
1189021955,28.3500002976,150.029998644,0.0,3523.139892492,73.9906060943927,115.7799987672,0.0,395.000004113187,0.0
1189021958,28.4500009104,149.9299925448,0.0,3523.139892492,73.8172562447574,115.7799987672,0.0,396.000005921474,0.0
1203940300,6.4400000232,4.530000084,0.0,3510.090087756,68.320986325401,118.430000376,0.0,323.000004916944,0.0
1203940309,6.4400000232,4.530000084,0.0,3510.090087756,68.4025653667379,118.430000376,0.0,298.000001078324,0.0
1203940314,6.4400000232,4.530000084,0.0,3510.090087756,68.4229561581389,118.430000376,0.0,317.000007856739,0.0
1203940319,6.4400000232,4.530000084,0.0,3510.090087756,68.3923658887061,118.430000376,0.0,317.000007856739,0.0
1203940323,6.4400000232,4.530000084,0.0,3510.090087756,68.3923658887061,118.430000376,0.0,329.999996890678,0.0
1203940328,6.4400000232,4.530000084,0.0,3510.090087756,68.3821668642666,118.430000376,0.0,347.00000005252,0.0
1203940332,6.4400000232,4.530000084,0.0,3510.090087756,68.4739453836353,118.430000376,0.0,328.999995082391,0.0
1203940337,6.4400000232,4.530000084,0.0,3510.090087756,68.4229561581389,118.430000376,0.0,338.00001135697,0.0
1203940340,6.4400000232,4.530000084,0.0,3510.090087756,68.3719750973051,118.430000376,0.0,339.000013165257,0.0
1203940345,6.4400000232,4.530000084,0.0,3510.090087756,68.341377116802,118.430000376,0.0,308.999993390447,0.0
1203940349,6.4400000232,4.530000084,0.0,3510.090087756,68.3821668642666,118.430000376,0.0,299.00000288661,0.0
1203940354,6.4400000232,4.530000084,0.0,3510.090087756,68.3923658887061,118.430000376,0.0,315.000011134923,0.0
1203940358,6.4400000232,4.530000084,0.0,3510.090087756,68.4025653667379,118.430000376,0.0,346.000005138991,0.0
1203940363,6.4400000232,4.530000084,0.0,3510.090087756,68.3311858034328,118.430000376,0.0,321.000001300371,0.0
1203940368,6.4400000232,4.530000084,0.0,3510.090087756,68.3923658887061,118.430000376,0.0,319.000004578555,0.0
1203940373,6.4400000232,4.530000084,0.0,3510.090087756,68.3515765948338,118.430000376,0.0,325.00000163876,0.0
1203940377,6.4400000232,4.530000084,0.0,3510.090087756,68.3923658887061,118.430000376,0.0,309.999988303976,0.0
1203940382,6.4400000232,4.530000084,0.0,3510.090087756,68.320986325401,118.430000376,0.0,283.999989551827,0.0
1203940386,6.4400000232,4.530000084,0.0,3510.090087756,68.3821668642666,118.430000376,0.0,282.999994638297,0.0
1203940391,6.4400000232,4.530000084,0.0,3510.090087756,68.3515765948338,118.430000376,0.0,323.000004916944,0.0
1203940394,6.4400000232,4.530000084,0.0,3510.090087756,68.3515765948338,118.430000376,0.0,328.999995082391,0.0
1203940399,6.4400000232,4.530000084,0.0,3510.090087756,68.341377116802,118.430000376,0.0,346.000005138991,0.0
1203940403,6.4400000232,4.530000084,0.0,3510.090087756,68.320986325401,118.430000376,0.0,303.999998138529,0.0
1203940408,6.4400000232,4.530000084,0.0,3510.090087756,68.320986325401,118.430000376,0.0,314.000009326637,0.0
1203940412,6.4400000232,4.530000084,0.0,3510.090087756,68.320986325401,118.430000376,0.0,351.000000390909,0.0
1203940417,6.4400000232,4.530000084,0.0,3510.090087756,68.320986325401,118.430000376,0.0,307.99999158216,0.0
1203940422,6.4400000232,4.530000084,0.0,3510.090087756,68.3005955340001,118.430000376,0.0,331.999993612494,0.0
1203940427,6.4400000232,4.530000084,0.0,3510.090087756,68.3311858034328,118.430000376,0.0,334.999992142596,0.0
1203940431,6.4400000232,4.530000084,0.0,3510.090087756,68.3617760728657,118.430000376,0.0,343.000006608889,0.0
1203940436,6.4400000232,4.530000084,0.0,3510.090087756,68.4637459056035,118.430000376,0.0,331.999993612494,0.0
1203940440,6.4400000232,4.530000084,0.0,3510.090087756,68.3107868473692,118.430000376,0.0,330.999991804207,0.0
1203940445,6.4400000232,4.530000084,0.0,3510.090087756,68.2801965779364,118.430000376,0.0,326.999998360576,0.0
1203940448,6.4400000232,4.530000084,0.0,3510.090087756,68.3005955340001,118.430000376,0.0,339.000013165257,0.0
1203940453,6.4400000232,4.530000084,0.0,3510.090087756,68.3923658887061,118.430000376,0.0,333.99999033431,0.0
1203940457,6.4400000232,4.530000084,0.0,3510.090087756,68.3923658887061,118.430000376,0.0,341.000009887073,0.0
1203940462,6.4400000232,4.530000084,0.0,3510.090087756,68.3617760728657,118.430000376,0.0,330.999991804207,0.0
1203940466,6.4400000232,4.530000084,0.0,3510.090087756,68.320986325401,118.430000376,0.0,329.999996890678,0.0
1203940471,6.4400000232,4.530000084,0.0,3510.090087756,68.2598057865354,118.430000376,0.0,311.999991920549,0.0
1203940476,6.4400000232,4.530000084,0.0,3510.090087756,68.341377116802,118.430000376,0.0,322.000003108657,0.0
1203940481,6.4400000232,4.530000084,0.0,3510.090087756,68.3923658887061,118.430000376,0.0,308.999993390447,0.0
1203940490,6.4400000232,4.530000084,0.0,3510.090087756,68.2801965779364,118.430000376,0.0,329.999996890678,0.0
1203940494,6.4400000232,4.530000084,0.0,3510.090087756,68.3719750973051,118.430000376,0.0,311.999991920549,0.0
1203940499,6.4400000232,4.530000084,0.0,3510.090087756,68.269997553497,118.430000376,0.0,330.999991804207,0.0
1203940502,6.4400000232,4.530000084,0.0,3510.090087756,68.320986325401,118.430000376,0.0,330.999991804207,0.0
1203940507,6.4400000232,4.530000084,0.0,3510.090087756,68.320986325401,118.430000376,0.0,343.000006608889,0.0
1203940516,6.4400000232,4.530000084,0.0,3510.090087756,68.3515765948338,118.430000376,0.0,323.000004916944,0.0
1203940520,6.4400000232,4.530000084,0.0,3510.090087756,68.320986325401,118.430000376,0.0,314.000009326637,0.0
1203940525,6.4400000232,4.530000084,0.0,3510.090087756,68.3719750973051,118.430000376,0.0,328.000000168862,0.0
1203940530,6.4400000232,4.530000084,0.0,3510.090087756,68.2598057865354,118.430000376,0.0,320.000006386842,0.0
1203940535,6.4400000232,4.530000084,0.0,3510.090087756,68.3107868473692,118.430000376,0.0,308.999993390447,0.0
1218288470,2.3499997704,1.000000032,0.0,3793.2700196424,62.2128842554388,102.0599976576,0.0,-169.000009125864,0.0
1218288474,2.3499997704,1.000000032,0.0,3793.2700196424,62.2128842554388,102.0599976576,0.0,-177.999997821414,0.0
1218288479,2.3499997704,1.000000032,0.0,3793.2700196424,62.1720985903055,102.0599976576,0.0,-176.000001099598,0.0
1218288482,2.3499997704,1.000000032,0.0,3793.2700196424,62.1415046921338,102.0599976576,0.0,-173.000002569495,0.0
1218288487,2.3499997704,1.000000032,0.0,3793.2700196424,62.2638734809353,102.0599976576,0.0,-144.000005287244,0.0
1218288491,2.3499997704,1.000000032,0.0,3793.2700196424,62.1720985903055,102.0599976576,0.0,-151.999999069264,0.0
1218288496,2.3499997704,1.000000032,0.0,3793.2700196424,62.2638734809353,102.0599976576,0.0,-151.999999069264,0.0
1218288505,2.3499997704,1.000000032,0.0,3793.2700196424,62.1313092964333,102.0599976576,0.0,-153.99999579108,0.0
1218288510,2.3499997704,1.000000032,0.0,3793.2700196424,62.1720985903055,102.0599976576,0.0,-128.999998847217,0.0
1218288515,2.3499997704,1.000000032,0.0,3793.2700196424,62.0395344058036,102.0599976576,0.0,-138.999996245811,0.0
1218288519,2.3499997704,1.000000032,0.0,3793.2700196424,62.110914422701,102.0599976576,0.0,-145.00000709553,0.0
1218288524,2.3499997704,1.000000032,0.0,3793.2700196424,62.2128842554388,102.0599976576,0.0,-142.9999965842,0.0
1218288533,2.3499997704,1.000000032,0.0,3793.2700196424,62.1720985903055,102.0599976576,0.0,-150.999997260978,0.0
1218288536,2.3499997704,1.000000032,0.0,3793.2700196424,62.182293986006,102.0599976576,0.0,-116.999997832051,0.0
1218288541,2.3499997704,1.000000032,0.0,3793.2700196424,62.1415046921338,102.0599976576,0.0,-124.000003595299,0.0
1218288545,2.3499997704,1.000000032,0.0,3793.2700196424,62.1618995658661,102.0599976576,0.0,-97.0000030348633,0.0
1218288550,2.3499997704,1.000000032,0.0,3793.2700196424,62.182293986006,102.0599976576,0.0,-86.9999987415123,0.0
1218288559,2.3499997704,1.000000032,0.0,3793.2700196424,62.182293986006,102.0599976576,0.0,-115.999996023764,0.0
1218288564,2.3499997704,1.000000032,0.0,3793.2700196424,62.1720985903055,102.0599976576,0.0,-111.000000771846,0.0
1218288569,2.3499997704,1.000000032,0.0,3793.2700196424,62.1313092964333,102.0599976576,0.0,-136.999999523995,0.0
1218288573,2.3499997704,1.000000032,0.0,3793.2700196424,62.1618995658661,102.0599976576,0.0,-121.999999978726,0.0
1218288578,2.3499997704,1.000000032,0.0,3793.2700196424,62.1313092964333,102.0599976576,0.0,-149.000000539162,0.0
1218288582,2.3499997704,1.000000032,0.0,3793.2700196424,62.243478607203,102.0599976576,0.0,-138.999996245811,0.0
1218288587,2.3499997704,1.000000032,0.0,3793.2700196424,62.110914422701,102.0599976576,0.0,-121.000005065197,0.0
1218288590,2.3499997704,1.000000032,0.0,3793.2700196424,62.2128842554388,102.0599976576,0.0,-119.000008343381,0.0
1218288595,2.3499997704,1.000000032,0.0,3793.2700196424,62.3250540198009,102.0599976576,0.0,-116.999997832051,0.0
1218288599,2.3499997704,1.000000032,0.0,3793.2700196424,62.2332791291711,102.0599976576,0.0,-140.999999862384,0.0
1218288604,2.3499997704,1.000000032,0.0,3793.2700196424,62.2944637503681,102.0599976576,0.0,-150.999997260978,0.0
1218288608,2.3499997704,1.000000032,0.0,3793.2700196424,62.110914422701,102.0599976576,0.0,-149.000000539162,0.0
1218288613,2.3499997704,1.000000032,0.0,3793.2700196424,62.1313092964333,102.0599976576,0.0,-144.000005287244,0.0
1218288618,2.3499997704,1.000000032,0.0,3793.2700196424,62.1313092964333,102.0599976576,0.0,-149.000000539162,0.0
1218288623,2.3499997704,1.000000032,0.0,3793.2700196424,62.243478607203,102.0599976576,0.0,-147.000003817346,0.0
1218288627,2.3499997704,1.000000032,0.0,3793.2700196424,62.1313092964333,102.0599976576,0.0,-126.999995230644,0.0
1218288632,2.3499997704,1.000000032,0.0,3793.2700196424,62.2026888597383,102.0599976576,0.0,-121.000005065197,0.0
1218288636,2.3499997704,1.000000032,0.0,3793.2700196424,62.2332791291711,102.0599976576,0.0,-123.000001787013,0.0
1218288641,2.3499997704,1.000000032,0.0,3793.2700196424,62.2026888597383,102.0599976576,0.0,-136.000004610466,0.0
1218288644,2.3499997704,1.000000032,0.0,3793.2700196424,62.1720985903055,102.0599976576,0.0,-123.000001787013,0.0
1218288649,2.3499997704,1.000000032,0.0,3793.2700196424,62.1415046921338,102.0599976576,0.0,-130.999995569033,0.0
1218288653,2.3499997704,1.000000032,0.0,3793.2700196424,62.2026888597383,102.0599976576,0.0,-140.999999862384,0.0
1218288658,2.3499997704,1.000000032,0.0,3793.2700196424,62.1415046921338,102.0599976576,0.0,-127.999997038931,0.0
1218288662,2.3499997704,1.000000032,0.0,3793.2700196424,62.1415046921338,102.0599976576,0.0,-112.999997493662,0.0
1218288667,2.3499997704,1.000000032,0.0,3793.2700196424,62.182293986006,102.0599976576,0.0,-141.999994775913,0.0
1218288672,2.3499997704,1.000000032,0.0,3793.2700196424,62.110914422701,102.0599976576,0.0,-147.999998730875,0.0
1218288677,2.3499997704,1.000000032,0.0,3793.2700196424,62.2740688766358,102.0599976576,0.0,-140.999999862384,0.0
1218288681,2.3499997704,1.000000032,0.0,3793.2700196424,62.182293986006,102.0599976576,0.0,-150.999997260978,0.0
1218288686,2.3499997704,1.000000032,0.0,3793.2700196424,62.2128842554388,102.0599976576,0.0,-150.000002347448,0.0
1218288690,2.3499997704,1.000000032,0.0,3793.2700196424,62.243478607203,102.0599976576,0.0,-151.999999069264,0.0
1218288695,2.3499997704,1.000000032,0.0,3793.2700196424,62.1007190270005,102.0599976576,0.0,-159.999999746042,0.0
1218288698,2.3499997704,1.000000032,0.0,3793.2700196424,62.2128842554388,102.0599976576,0.0,-151.999999069264,0.0
1218288703,2.3499997704,1.000000032,0.0,3793.2700196424,62.1720985903055,102.0599976576,0.0,-176.000001099598,0.0
1212308604,31.4500007016,48.3300017904,0.0,2788.060058616,72.4304415719423,16.7700005976,0.0,377.999994056588,0.0
1212308609,31.4500007016,48.3300017904,0.0,2788.060058616,72.4916216572155,16.7700005976,0.0,372.00000389114,0.0
1212308613,31.4500007016,48.3300017904,0.0,2788.060058616,72.4508400744136,16.7700005976,0.0,376.999999143058,0.0
1212308618,31.4500007016,48.3300017904,0.0,2788.060058616,72.5120206132792,16.7700005976,0.0,377.999994056588,0.0
1212308622,31.4500007016,48.3300017904,0.0,2788.060058616,72.4304415719423,16.7700005976,0.0,333.99999033431,0.0
1212308627,31.4500007016,48.3300017904,0.0,2788.060058616,72.277482513708,16.7700005976,0.0,366.000006830935,0.0
1212308630,31.4500007016,48.3300017904,0.0,2788.060058616,72.4100503269489,16.7700005976,0.0,372.00000389114,0.0
1212308635,31.4500007016,48.3300017904,0.0,2788.060058616,72.3182718075802,16.7700005976,0.0,345.000003330704,0.0
1212308639,31.4500007016,48.3300017904,0.0,2788.060058616,72.3182718075802,16.7700005976,0.0,342.000004800602,0.0
1212308644,31.4500007016,48.3300017904,0.0,2788.060058616,72.4100503269489,16.7700005976,0.0,367.000008639222,0.0
1212308649,31.4500007016,48.3300017904,0.0,2788.060058616,72.522220091311,16.7700005976,0.0,363.000008300833,0.0
1212308653,31.4500007016,48.3300017904,0.0,2788.060058616,72.2672907467465,16.7700005976,0.0,382.999989308506,0.0
1212308658,31.4500007016,48.3300017904,0.0,2788.060058616,72.522220091311,16.7700005976,0.0,366.000006830935,0.0
1212308663,31.4500007016,48.3300017904,0.0,2788.060058616,72.3794600575161,16.7700005976,0.0,376.999999143058,0.0
1212308667,31.4500007016,48.3300017904,0.0,2788.060058616,72.6241899240488,16.7700005976,0.0,378.999995864874,0.0
1212308672,31.4500007016,48.3300017904,0.0,2788.060058616,72.4304415719423,16.7700005976,0.0,369.000005361038,0.0
1212308681,31.4500007016,48.3300017904,0.0,2788.060058616,72.3998513025095,16.7700005976,0.0,363.000008300833,0.0
1212308684,31.4500007016,48.3300017904,0.0,2788.060058616,72.2978810161793,16.7700005976,0.0,371.000002082854,0.0
1212308689,31.4500007016,48.3300017904,0.0,2788.060058616,72.3998513025095,16.7700005976,0.0,348.000001860807,0.0
1212308693,31.4500007016,48.3300017904,0.0,2788.060058616,72.4100503269489,16.7700005976,0.0,358.99999417293,0.0
1212308698,31.4500007016,48.3300017904,0.0,2788.060058616,72.2468922442752,16.7700005976,0.0,360.999990894745,0.0
1212308707,31.4500007016,48.3300017904,0.0,2788.060058616,72.3590615550449,16.7700005976,0.0,349.999998582622,0.0
1212308712,31.4500007016,48.3300017904,0.0,2788.060058616,72.3998513025095,16.7700005976,0.0,351.999995304438,0.0
1212308717,31.4500007016,48.3300017904,0.0,2788.060058616,72.3386707636439,16.7700005976,0.0,310.999990112263,0.0
1212308721,31.4500007016,48.3300017904,0.0,2788.060058616,72.3794600575161,16.7700005976,0.0,318.000009665026,0.0
1212308726,31.4500007016,48.3300017904,0.0,2788.060058616,72.4304415719423,16.7700005976,0.0,323.000004916944,0.0
1212308735,31.4500007016,48.3300017904,0.0,2788.060058616,72.3386707636439,16.7700005976,0.0,339.000013165257,0.0
1212308738,31.4500007016,48.3300017904,0.0,2788.060058616,72.4508400744136,16.7700005976,0.0,348.000001860807,0.0
1212308743,31.4500007016,48.3300017904,0.0,2788.060058616,72.4100503269489,16.7700005976,0.0,352.999997112725,0.0
1212308747,31.4500007016,48.3300017904,0.0,2788.060058616,72.4508400744136,16.7700005976,0.0,345.000003330704,0.0
1212308752,31.4500007016,48.3300017904,0.0,2788.060058616,72.4508400744136,16.7700005976,0.0,369.000005361038,0.0
1212308756,31.4500007016,48.3300017904,0.0,2788.060058616,72.3998513025095,16.7700005976,0.0,371.000002082854,0.0
1212308761,31.4500007016,48.3300017904,0.0,2788.060058616,72.4508400744136,16.7700005976,0.0,367.000008639222,0.0
1212308766,31.4500007016,48.3300017904,0.0,2788.060058616,72.3998513025095,16.7700005976,0.0,374.000000612956,0.0
1212308771,31.4500007016,48.3300017904,0.0,2788.060058616,72.3386707636439,16.7700005976,0.0,351.000000390909,0.0
1212308775,31.4500007016,48.3300017904,0.0,2788.060058616,72.2978810161793,16.7700005976,0.0,375.000002421243,0.0
1212308780,31.4500007016,48.3300017904,0.0,2788.060058616,72.4304415719423,16.7700005976,0.0,369.000005361038,0.0
1212308784,31.4500007016,48.3300017904,0.0,2788.060058616,72.3590615550449,16.7700005976,0.0,360.999990894745,0.0
1212308789,31.4500007016,48.3300017904,0.0,2788.060058616,72.4508400744136,16.7700005976,0.0,364.00001010912,0.0
1212308792,31.4500007016,48.3300017904,0.0,2788.060058616,72.4304415719423,16.7700005976,0.0,352.999997112725,0.0
1212308797,31.4500007016,48.3300017904,0.0,2788.060058616,72.4100503269489,16.7700005976,0.0,332.99999542078,0.0
1212308801,31.4500007016,48.3300017904,0.0,2788.060058616,72.3182718075802,16.7700005976,0.0,341.000009887073,0.0
1212308806,31.4500007016,48.3300017904,0.0,2788.060058616,72.3590615550449,16.7700005976,0.0,347.00000005252,0.0
1212308810,31.4500007016,48.3300017904,0.0,2788.060058616,72.3590615550449,16.7700005976,0.0,340.000008078786,0.0
1212308815,31.4500007016,48.3300017904,0.0,2788.060058616,72.3386707636439,16.7700005976,0.0,365.000011917406,0.0
1212308820,31.4500007016,48.3300017904,0.0,2788.060058616,72.4508400744136,16.7700005976,0.0,347.00000005252,0.0
1212308825,31.4500007016,48.3300017904,0.0,2788.060058616,72.3794600575161,16.7700005976,0.0,313.000014413108,0.0
1212308829,31.4500007016,48.3300017904,0.0,2788.060058616,72.3386707636439,16.7700005976,0.0,335.999987056125,0.0
1212308834,31.4500007016,48.3300017904,0.0,2788.060058616,72.3590615550449,16.7700005976,0.0,334.999992142596,0.0
1212308838,31.4500007016,48.3300017904,0.0,2788.060058616,72.3590615550449,16.7700005976,0.0,383.999991116792,0.0
1213982144,5.8499998824,3622.5600584976,226.130004576288,3750.0300294144,70.7581072851299,25.3999995936,0.0,4056.99997261776,0.0
1213982149,5.8499998824,3622.5600584976,135.940000952364,3750.0300294144,70.8294873020273,25.3999995936,0.0,3786.00006173171,0.0
1213982153,5.8499998824,3622.5600584976,100.12999586154,3750.0300294144,70.7173179912576,25.3999995936,0.0,3709.9998484596,0.0
1213982158,5.8499998824,3622.5600584976,71.769995775912,3750.0300294144,71.1354054184959,25.3999995936,0.0,3350.9998336024,0.0
1213982162,5.8499998824,3622.5600584976,23.680000594728,3750.0300294144,71.6554549674017,25.3999995936,0.0,3225.99983509357,0.0
1213982167,5.8499998824,3622.5600584976,0.0,3750.0300294144,71.1354054184959,25.3999995936,0.0,2998.99997619311,0.0
1213982172,5.8499998824,3622.5600584976,0.0,3750.0300294144,70.941656612797,25.3999995936,0.0,2880.99994897374,0.0
1213982177,5.8499998824,3622.5600584976,0.0,3750.0300294144,70.7377164937289,25.3999995936,0.0,2704.99992029512,0.0
1213982181,5.8499998824,3622.5600584976,0.0,3750.0300294144,70.7785062411935,25.3999995936,0.0,2646.99993262537,0.0
1213982186,5.8499998824,3622.5600584976,0.0,3750.0300294144,71.0028371516626,25.3999995936,0.0,2556.99996982754,0.0
1213982190,5.8499998824,3622.5600584976,0.0,3750.0300294144,70.9824463602616,25.3999995936,0.0,2448.99997448056,0.0
1213982195,5.8499998824,3622.5600584976,0.0,3750.0300294144,70.921265821396,25.3999995936,0.0,2352.00004728802,0.0
1213982198,5.8499998824,3622.5600584976,0.0,3750.0300294144,70.8090965106263,25.3999995936,0.0,2323.99997597173,0.0
1213982203,5.8499998824,3622.5600584976,0.0,3750.0300294144,71.1150064624322,25.3999995936,0.0,2243.00002944848,0.0
1213982207,5.8499998824,3622.5600584976,0.0,3750.0300294144,70.941656612797,25.3999995936,0.0,2204.9999262598,0.0
1213982212,5.8499998824,3622.5600584976,0.0,3750.0300294144,70.8090965106263,25.3999995936,0.0,2162.99991925934,0.0
1213982216,5.8499998824,3622.5600584976,0.0,3750.0300294144,70.9110663433642,25.3999995936,0.0,2172.99995113172,0.0
1213982221,5.8499998824,3622.5600584976,0.0,3750.0300294144,70.9824463602616,25.3999995936,0.0,2219.00005499717,0.0
1213982226,5.8499998824,3622.5600584976,0.0,3750.0300294144,70.6663364768315,25.3999995936,0.0,2189.99996118832,0.0
1213982231,5.8499998824,3622.5600584976,0.0,3750.0300294144,70.5133778721896,25.3999995936,0.0,2185.00003488398,0.0
1213982240,5.8000001856,3622.5600584976,0.0,3750.0300294144,72.165312749346,25.3999995936,0.0,2213.99993563962,0.0
1213982244,5.619999936,3622.5600584976,0.0,3750.0300294144,71.85940279754,25.3999995936,0.0,2188.99993869576,0.0
1213982249,5.5799998128,3622.5600584976,0.0,3750.0300294144,70.7173179912576,25.3999995936,0.0,2188.99993869576,0.0
1213982252,5.4800001144,3622.5600584976,0.0,3750.0300294144,71.2781649986983,25.3999995936,0.0,2188.99993869576,0.0
1213982257,5.2699999248,3622.5600584976,0.0,3750.0300294144,71.3189542925706,25.3999995936,0.0,2165.99998673702,0.0
1213982266,5.0500001616,3622.5600584976,0.0,3750.0300294144,70.3604188139553,25.3999995936,0.0,2188.99993869576,0.0
1213982270,5.0300001,3622.5600584976,0.0,3750.0300294144,71.0946156710312,25.3999995936,0.0,2196.99993247778,0.0
1213982275,4.869999912,3622.5600584976,0.0,3750.0300294144,71.2679655206665,25.3999995936,0.0,2173.99998051904,0.0
1213982280,4.6300000872,3622.5600584976,0.0,3750.0300294144,70.9824463602616,25.3999995936,0.0,2189.99996118832,0.0
1213982285,4.489999656,3622.5600584976,0.0,3750.0300294144,70.5847574354946,25.3999995936,0.0,2175.0000030116,0.0
1213982289,4.489999656,3622.5600584976,0.0,3750.0300294144,70.4929789161259,25.3999995936,0.0,2173.99998051904,0.0
1213982294,4.489999656,3622.5600584976,0.0,3750.0300294144,70.0035196366529,25.3999995936,0.89,2189.99996118832,0.0
1213982298,4.489999656,3622.5600584976,0.0,3750.0300294144,70.6051482268956,25.3999995936,1.07,2188.99993869576,0.0
1213982303,4.489999656,3622.5600584976,0.0,3750.0300294144,70.8294873020273,25.3999995936,1.06,2190.99998368088,0.0
1213982306,4.489999656,3622.5600584976,0.0,3750.0300294144,70.6867277218248,25.3999995936,0.88,2189.99996118832,0.0
1213982311,4.489999656,3622.5600584976,0.0,3750.0300294144,71.2679655206665,25.3999995936,1.06,2189.99996118832,0.0
1213982315,4.489999656,3622.5600584976,0.0,3750.0300294144,71.0538259235666,25.3999995936,1.22,2185.00003488398,0.0
1213982320,4.489999656,3622.5600584976,0.0,3750.0300294144,71.4311240569326,25.3999995936,1.06,2167.00000922957,0.0
1213982325,4.489999656,3622.5600584976,0.0,3750.0300294144,70.2482495031856,25.3999995936,1.21,2201.00002244802,0.0
1213982329,4.489999656,3622.5600584976,0.0,3750.0300294144,70.0035196366529,25.3999995936,0.0,2186.00006427129,0.0
1213982334,4.489999656,3622.5600584976,0.0,3750.0300294144,71.1659952343363,25.3999995936,0.0,2182.99998989886,0.0
1213982339,4.489999656,3622.5600584976,0.0,3750.0300294144,70.9110663433642,25.3999995936,0.0,2167.00000922957,0.0
1213982343,4.489999656,3622.5600584976,0.0,3750.0300294144,70.5745579574628,25.3999995936,0.0,2171.99992863916,0.0
1213982348,4.489999656,3622.5600584976,0.0,3750.0300294144,71.2475747292656,25.3999995936,0.0,2182.99998989886,0.0
1213982352,4.489999656,3622.5600584976,0.0,3750.0300294144,71.410725100869,25.3999995936,0.0,2212.99991314707,0.0
1213982357,4.489999656,3622.5600584976,0.0,3750.0300294144,70.921265821396,25.3999995936,0.0,2187.00008676385,0.0
1213982360,4.489999656,3622.5600584976,0.0,3750.0300294144,71.1659952343363,25.3999995936,0.0,2186.00006427129,0.0
1213982365,4.489999656,3622.5600584976,0.0,3750.0300294144,71.8288125281073,25.3999995936,0.0,2171.99992863916,0.0
1213982369,4.489999656,3622.5600584976,0.0,3750.0300294144,71.1150064624322,25.3999995936,0.0,2186.00006427129,0.0
1213982374,4.489999656,3622.5600584976,0.0,3750.0300294144,70.9620474041979,25.3999995936,0.0,2199.99999995546,0.0
1221337256,35.4999999168,695.450012196,0.0,1377.9999999,67.6173797377578,22.7700004848,,221.000006630162,0.0
1221337260,35.4999999168,695.450012196,0.0,1377.9999999,68.8206450829059,22.7700004848,,209.999993633768,0.0
1221337265,35.4999999168,695.450012196,0.0,1377.9999999,68.9838031655796,22.7700004848,,252.00000063423,0.0
1221337274,35.4999999168,695.450012196,0.0,1377.9999999,68.1578277891349,22.7700004848,,223.000003351978,0.0
1221337278,35.4999999168,695.450012196,0.0,1377.9999999,68.5657161919337,22.7700004848,,200.000003129931,0.0
1221337283,35.4999999168,695.450012196,0.0,1377.9999999,68.4739453836353,22.7700004848,,207.999990017195,0.0
1221337287,35.4999999168,695.450012196,0.0,1377.9999999,67.9946774175315,22.7700004848,,218.00000810006,0.0
1221337292,35.4999999168,695.450012196,0.0,1377.9999999,68.6269044418696,22.7700004848,,226.99999679561,0.0
1221337301,35.4999999168,695.450012196,0.0,1377.9999999,68.5963060077742,22.7700004848,,213.000012848142,0.0
1221337305,35.4999999168,695.450012196,0.0,1377.9999999,68.341377116802,22.7700004848,,227.999998603896,0.0
1221337310,35.4999999168,695.450012196,0.0,1377.9999999,68.4433551142025,22.7700004848,,240.00000651382,0.0
1221337314,35.4999999168,695.450012196,0.0,1377.9999999,67.8417183592972,22.7700004848,,227.999998603896,0.0
1221337319,35.4999999168,695.450012196,0.0,1377.9999999,68.4739453836353,22.7700004848,,241.000008322107,0.0
1221337323,35.4999999168,695.450012196,0.0,1377.9999999,68.1272375197021,22.7700004848,,242.000010130394,0.0
1221337328,35.4999999168,695.450012196,0.0,1377.9999999,68.8818333328418,22.7700004848,,250.999998825943,0.0
1221337332,35.4999999168,695.450012196,0.0,1377.9999999,68.4739453836353,22.7700004848,,233.999988769344,0.0
1221337337,35.4999999168,695.450012196,0.0,1377.9999999,68.341377116802,22.7700004848,,210.999988547297,0.0
1221337341,35.4999999168,695.450012196,0.0,1377.9999999,68.341377116802,22.7700004848,,216.000011378244,0.0
1221337346,35.4999999168,695.450012196,0.0,1377.9999999,68.5351259225009,22.7700004848,,214.000007761671,0.0
1221337350,35.4999999168,695.450012196,0.0,1377.9999999,68.7900548134731,22.7700004848,,209.999993633768,0.0
1221337355,35.4999999168,695.450012196,0.0,1377.9999999,68.7288742746075,22.7700004848,,214.000007761671,0.0
1221337359,35.4999999168,695.450012196,0.0,1377.9999999,67.87230862873,22.7700004848,,232.999993855815,0.0
1221337364,35.4999999168,695.450012196,0.0,1377.9999999,68.7900548134731,22.7700004848,,196.000002791542,0.0
1221337368,35.4999999168,695.450012196,0.0,1377.9999999,68.6982840051747,22.7700004848,,228.999993517426,0.0
1221337373,35.4999999168,695.450012196,0.0,1377.9999999,68.341377116802,22.7700004848,,249.000002104128,0.0
1221337377,35.4999999168,695.450012196,0.0,1377.9999999,68.4127571336994,22.7700004848,,230.999997133999,0.0
1221337382,35.4999999168,695.450012196,0.0,1377.9999999,68.5657161919337,22.7700004848,,223.000003351978,0.0
1221337386,35.4999999168,695.450012196,0.0,1377.9999999,68.0864482258299,22.7700004848,,221.000006630162,0.0
1221337391,35.4999999168,695.450012196,0.0,1377.9999999,68.0558579563971,22.7700004848,,239.000011600291,0.0
1221337395,35.4999999168,695.450012196,0.0,1377.9999999,68.2496063085036,22.7700004848,,236.999987299446,0.0
1221337400,35.4999999168,695.450012196,0.0,1377.9999999,68.9838031655796,22.7700004848,,220.000004821876,0.0
1221337404,35.4999999168,695.450012196,0.0,1377.9999999,68.3107868473692,22.7700004848,,232.999993855815,0.0
1221337409,35.4999999168,695.450012196,0.0,1377.9999999,68.7288742746075,22.7700004848,,223.000003351978,0.0
1221337413,35.4999999168,695.450012196,0.0,1377.9999999,68.188425769638,22.7700004848,,223.999998265508,0.0
1221337418,35.4999999168,695.450012196,0.0,1377.9999999,68.341377116802,22.7700004848,,233.999988769344,0.0
1221337422,35.4999999168,695.450012196,0.0,1377.9999999,68.6269044418696,22.7700004848,,220.000004821876,0.0
1221337427,35.4999999168,695.450012196,0.0,1377.9999999,67.7091582571265,22.7700004848,,234.99999057763,0.0
1221337431,35.4999999168,695.450012196,0.0,1377.9999999,68.8818333328418,22.7700004848,,233.999988769344,0.0
1221337436,35.4999999168,695.450012196,0.0,1377.9999999,67.9946774175315,22.7700004848,,260.99998932978,0.0
1221337440,35.4999999168,695.450012196,0.0,1377.9999999,67.6785679876937,22.7700004848,,270.000005604359,0.0
1221337445,35.4999999168,695.450012196,0.0,1377.9999999,68.5963060077742,22.7700004848,,293.000005826406,0.0
1221337449,35.4999999168,695.450012196,0.0,1377.9999999,68.0252676869643,22.7700004848,,283.999989551827,0.0
1221337454,35.4999999168,695.450012196,0.0,1377.9999999,68.8206450829059,22.7700004848,,278.999994299909,0.0
1221337458,35.4999999168,695.450012196,0.0,1377.9999999,68.6982840051747,22.7700004848,,267.000007074256,0.0
1221337463,35.4999999168,695.450012196,0.0,1377.9999999,68.8206450829059,22.7700004848,,281.999992830011,0.0
1221337467,35.4999999168,695.450012196,0.0,1377.9999999,67.87230862873,22.7700004848,,283.999989551827,0.0
1221337472,35.4999999168,695.450012196,0.0,1377.9999999,68.1578277891349,22.7700004848,,282.999994638297,0.0
1221337481,35.4999999168,695.450012196,0.0,1377.9999999,68.5351259225009,22.7700004848,,260.99998932978,0.0
1221337485,35.4999999168,695.450012196,0.0,1377.9999999,68.1578277891349,22.7700004848,,278.999994299909,0.0
1221337490,35.4999999168,695.450012196,0.0,1377.9999999,68.7900548134731,22.7700004848,,265.000010352441,0.0
1194028731,25.7900009472,137.3000031744,0.0,2770.0600586496,62.243478607203,6.840000036,0.0,136.999999523995,0.0
1194028735,25.7900009472,137.3000031744,0.0,2770.0600586496,62.2842683546676,6.840000036,0.0,144.000005287244,0.0
1194028740,25.7900009472,137.3000031744,0.0,2770.0600586496,62.3148586241004,6.840000036,0.0,157.000008110697,0.0
1194028745,25.7900009472,137.3000031744,0.0,2770.0600586496,62.3454484399408,6.840000036,0.0,126.999995230644,0.0
1194028749,25.7900009472,137.3000031744,0.0,2770.0600586496,62.5289977676079,6.840000036,0.0,130.999995569033,0.0
1194028754,25.7900009472,137.3000031744,0.0,2770.0600586496,62.3658433136731,6.840000036,0.0,123.000001787013,0.0
1194028758,25.7900009472,137.3000031744,0.0,2770.0600586496,62.2230837334707,6.840000036,0.0,84.00000021141,0.0
1194028763,25.7900009472,137.3000031744,0.0,2770.0600586496,62.4372233305706,6.840000036,0.0,96.0000012265767,0.0
1194028771,25.7900009472,137.3000031744,0.0,2770.0600586496,62.3148586241004,6.840000036,0.0,138.000001332282,0.0
1194028775,25.7900009472,137.3000031744,0.0,2770.0600586496,62.3760387093736,6.840000036,0.0,138.000001332282,0.0
1194028780,25.7900009472,137.3000031744,0.0,2770.0600586496,62.3964335831059,6.840000036,0.0,133.000006080364,0.0
1194028785,25.7900009472,137.3000031744,0.0,2770.0600586496,62.3352530442403,6.840000036,0.0,121.000005065197,0.0
1194028789,25.7900009472,137.3000031744,0.0,2770.0600586496,62.1924934640379,6.840000036,0.0,144.000005287244,0.0
1194028799,25.7900009472,137.3000031744,0.0,2770.0600586496,62.3148586241004,6.840000036,0.0,149.000000539162,0.0
1194028803,25.7900009472,137.3000031744,0.0,2770.0600586496,62.1007190270005,6.840000036,0.0,146.00000200906,0.0
1194028808,25.7900009472,137.3000031744,0.0,2770.0600586496,62.4678136000033,6.840000036,0.0,165.999996806247,0.0
1194028812,25.7900009472,137.3000031744,0.0,2770.0600586496,62.3352530442403,6.840000036,0.0,151.999999069264,0.0
1194028817,25.7900009472,137.3000031744,0.0,2770.0600586496,62.182293986006,6.840000036,0.0,138.000001332282,0.0
1194028825,25.7900009472,137.3000031744,0.0,2770.0600586496,62.3046591460686,6.840000036,0.0,147.999998730875,0.0
1194028829,25.7900009472,137.3000031744,0.0,2770.0600586496,62.3148586241004,6.840000036,0.0,144.000005287244,0.0
1194028834,25.7900009472,137.3000031744,0.0,2770.0600586496,62.3760387093736,6.840000036,0.0,167.999993528063,0.0
1194028839,25.7900009472,137.3000031744,0.0,2770.0600586496,62.5901823888048,6.840000036,0.0,151.999999069264,0.0
1194028843,25.7900009472,137.3000031744,0.0,2770.0600586496,62.4270279348701,6.840000036,0.0,157.000008110697,0.0
1194028848,25.7900009472,137.3000031744,0.0,2770.0600586496,62.4066330611377,6.840000036,0.0,142.9999965842,0.0
1194028853,25.7900009472,137.3000031744,0.0,2770.0600586496,62.4678136000033,6.840000036,0.0,145.00000709553,0.0
1194028857,25.7900009472,137.3000031744,0.0,2770.0600586496,62.3352530442403,6.840000036,0.0,144.000005287244,0.0
1194028862,25.7900009472,137.3000031744,0.0,2770.0600586496,62.3148586241004,6.840000036,0.0,147.999998730875,0.0
1194028866,25.7900009472,137.3000031744,0.0,2770.0600586496,62.4270279348701,6.840000036,0.0,138.999996245811,0.0
1194028871,25.7900009472,137.3000031744,0.0,2770.0600586496,62.3454484399408,6.840000036,0.0,113.999999301948,0.0
1194028874,25.7900009472,137.3000031744,0.0,2770.0600586496,62.4576182043029,6.840000036,0.0,123.000001787013,0.0
1194028879,25.7900009472,137.3000031744,0.0,2770.0600586496,62.3046591460686,6.840000036,0.0,138.999996245811,0.0
1194028883,25.7900009472,137.3000031744,0.0,2770.0600586496,62.3148586241004,6.840000036,0.0,130.999995569033,0.0
1194028888,25.7900009472,137.3000031744,0.0,2770.0600586496,62.4576182043029,6.840000036,0.0,144.000005287244,0.0
1194028893,25.7900009472,137.3000031744,0.0,2770.0600586496,62.2740688766358,6.840000036,0.0,123.000001787013,0.0
1194028897,25.7900009472,137.3000031744,0.0,2770.0600586496,62.3658433136731,6.840000036,0.0,142.9999965842,0.0
1194028902,25.7900009472,137.3000031744,0.0,2770.0600586496,62.4576182043029,6.840000036,0.0,135.000002802179,0.0
1194028907,25.7900009472,137.3000031744,0.0,2770.0600586496,62.4576182043029,6.840000036,0.0,126.999995230644,0.0
1194028911,25.7900009472,137.3000031744,0.0,2770.0600586496,62.3964335831059,6.840000036,0.0,136.000004610466,0.0
1194028916,25.7900009472,137.3000031744,0.0,2770.0600586496,62.3352530442403,6.840000036,0.0,145.00000709553,0.0
1194028920,25.7900009472,137.3000031744,0.0,2770.0600586496,62.3658433136731,6.840000036,0.0,138.999996245811,0.0
1194028925,25.7900009472,137.3000031744,0.0,2770.0600586496,62.4066330611377,6.840000036,0.0,153.99999579108,0.0
1194028928,25.7900009472,137.3000031744,0.0,2770.0600586496,62.3454484399408,6.840000036,0.0,136.000004610466,0.0
1194028933,25.7900009472,137.3000031744,0.0,2770.0600586496,62.4066330611377,6.840000036,0.0,126.999995230644,0.0
1194028937,25.7900009472,137.3000031744,0.0,2770.0600586496,62.3046591460686,6.840000036,0.0,149.000000539162,0.0
1194028942,25.7900009472,137.3000031744,0.0,2770.0600586496,62.2128842554388,6.840000036,0.0,136.000004610466,0.0
1194028947,25.7900009472,137.3000031744,0.0,2770.0600586496,62.4882084737357,6.840000036,0.0,134.000000993893,0.0
1194028951,25.7900009472,137.3000031744,0.0,2770.0600586496,62.2842683546676,6.840000036,0.0,128.999998847217,0.0
1194028956,25.7900009472,137.3000031744,0.0,2770.0600586496,62.3964335831059,6.840000036,0.0,124.999998508828,0.0
1194028961,25.7900009472,137.3000031744,0.0,2770.0600586496,62.4066330611377,6.840000036,0.0,150.999997260978,0.0
1194028965,25.7900009472,137.3000031744,0.0,2770.0600586496,62.4984074981751,6.840000036,0.0,134.000000993893,0.0
